fpr,tpr,threshold
0.0,0.0,inf
0.0,0.0013513513513513514,0.9997879177743181
0.0,0.031081081081081083,0.9995401836594454
7.083532557686518e-06,0.031081081081081083,0.9995203748201044
7.083532557686518e-06,0.051351351351351354,0.9994117820667638
1.0625298836529777e-05,0.051351351351351354,0.999411594764324
1.0625298836529777e-05,0.052702702702702706,0.9994088909502495
1.4167065115373036e-05,0.052702702702702706,0.999403246240899
1.4167065115373036e-05,0.08783783783783784,0.9992933422811582
2.1250597673059554e-05,0.08783783783783784,0.9992802059225467
2.1250597673059554e-05,0.10540540540540541,0.9992042745667349
2.8334130230746072e-05,0.10540540540540541,0.9991875426793967
2.8334130230746072e-05,0.11756756756756757,0.9991413245765958
3.187589650958933e-05,0.11756756756756757,0.9991220273021901
3.187589650958933e-05,0.12297297297297298,0.9991154292595888
3.8959429067275854e-05,0.12297297297297298,0.9991055891170553
3.8959429067275854e-05,0.12702702702702703,0.9990808859043772
4.250119534611911e-05,0.12702702702702703,0.9990766267188403
4.250119534611911e-05,0.1445945945945946,0.999010521340836
4.604296162496237e-05,0.1445945945945946,0.999006876317091
4.604296162496237e-05,0.1527027027027027,0.9989698735623542
4.958472790380563e-05,0.1527027027027027,0.9989657864989614
4.958472790380563e-05,0.16891891891891891,0.9989228134634229
5.312649418264889e-05,0.16891891891891891,0.9989117519950121
5.312649418264889e-05,0.1783783783783784,0.9988904422488101
5.6668260461492144e-05,0.1783783783783784,0.9988805386284534
5.6668260461492144e-05,0.1837837837837838,0.9988641813902297
6.0210026740335404e-05,0.1837837837837838,0.9988623770966817
6.0210026740335404e-05,0.1918918918918919,0.9988466839625284
6.375179301917866e-05,0.1918918918918919,0.9988454305494919
6.375179301917866e-05,0.2,0.9987969148025366
6.729355929802193e-05,0.2,0.9987945746948764
6.729355929802193e-05,0.20270270270270271,0.9987902042716862
7.083532557686519e-05,0.20270270270270271,0.998786087471988
7.083532557686519e-05,0.20810810810810812,0.9987727269541365
7.791885813455171e-05,0.20810810810810812,0.9987672438107529
7.791885813455171e-05,0.21756756756756757,0.998699207462927
8.146062441339495e-05,0.21756756756756757,0.9986900483325476
8.146062441339495e-05,0.22162162162162163,0.9986767691612084
8.854415697108148e-05,0.22162162162162163,0.998675280914845
8.854415697108148e-05,0.22972972972972974,0.9986148608737718
9.208592324992474e-05,0.22972972972972974,0.9986110596801384
9.208592324992474e-05,0.23378378378378378,0.9985991346116266
9.5627689528768e-05,0.23378378378378378,0.9985858075378298
9.5627689528768e-05,0.24594594594594596,0.9985370369066697
9.916945580761126e-05,0.24594594594594596,0.9985348363934407
9.916945580761126e-05,0.2472972972972973,0.9985226142499015
0.00010271122208645452,0.2472972972972973,0.9985195984498034
0.00010271122208645452,0.24864864864864866,0.9985069023050315
0.00010979475464414103,0.24864864864864866,0.9985033215175333
0.00010979475464414103,0.2527027027027027,0.9984827199019262
0.00011333652092298429,0.2527027027027027,0.9984554362273149
0.00011333652092298429,0.2716216216216216,0.9983324958197825
0.00011687828720182755,0.2716216216216216,0.998305279541531
0.00011687828720182755,0.27297297297297296,0.9983015503124472
0.00012042005348067081,0.27297297297297296,0.998296334403716
0.00012042005348067081,0.2851351351351351,0.9982118531100274
0.00013104535231720058,0.2851351351351351,0.9981885515217068
0.00013104535231720058,0.3,0.9981151136351314
0.00014167065115373037,0.3,0.9980980353872447
0.00014167065115373037,0.3013513513513513,0.9980857711063367
0.00014521241743257362,0.3013513513513513,0.9980696821766569
0.00014521241743257362,0.30675675675675673,0.9980496729351299
0.00015229594999026014,0.30675675675675673,0.9980342046750774
0.00015229594999026014,0.3081081081081081,0.9980143608031348
0.0001629212488267899,0.3081081081081081,0.9979889680357311
0.0001629212488267899,0.31216216216216214,0.9979338767530459
0.00016646301510563318,0.31216216216216214,0.9979291449870282
0.00016646301510563318,0.31486486486486487,0.9979083150786998
0.00017000478138447643,0.31486486486486487,0.9979024362925764
0.00017000478138447643,0.31891891891891894,0.9978958449212846
0.00017708831394216295,0.31891891891891894,0.997882254550871
0.00017708831394216295,0.3216216216216216,0.9978731062725615
0.00018417184649984947,0.3216216216216216,0.9978653990909344
0.00018417184649984947,0.32297297297297295,0.9978515448401383
0.00018771361277869275,0.32297297297297295,0.9978490973727542
0.00018771361277869275,0.32432432432432434,0.9978329621103096
0.00019479714533637924,0.32432432432432434,0.9977975673112925
0.00019479714533637924,0.3256756756756757,0.9977892746668304
0.00020188067789406576,0.3256756756756757,0.9976943153157759
0.00020188067789406576,0.3310810810810811,0.997672847921095
0.00020542244417290904,0.3310810810810811,0.9976708610775209
0.00020542244417290904,0.33378378378378376,0.9976585220802218
0.00021250597673059556,0.33378378378378376,0.9976290077777847
0.00021250597673059556,0.34054054054054056,0.9976177873381529
0.0002160477430094388,0.34054054054054056,0.9976111216139257
0.0002160477430094388,0.34594594594594597,0.9975608059721902
0.00021958950928828205,0.34594594594594597,0.9975603034148384
0.00021958950928828205,0.35,0.9975449878168994
0.00023021480812481185,0.35,0.9974943461307306
0.00023021480812481185,0.35405405405405405,0.9974918460199939
0.00023729834068249837,0.35405405405405405,0.9974536340880852
0.00023729834068249837,0.3581081081081081,0.997421260883956
0.00024792363951902817,0.3581081081081081,0.9974062761433483
0.00024792363951902817,0.3635135135135135,0.9973416943613053
0.0002514654057978714,0.3635135135135135,0.9973380619057945
0.0002514654057978714,0.3662162162162162,0.997302455357716
0.00026563247091324446,0.3662162162162162,0.9972229919767363
0.00026563247091324446,0.3675675675675676,0.9972209404615036
0.0002691742371920877,0.3675675675675676,0.9972149591699472
0.0002691742371920877,0.37567567567567567,0.9971886632100228
0.00027271600347093095,0.37567567567567567,0.9971839949102567
0.00027271600347093095,0.3810810810810811,0.9971338182776349
0.0002797995360286175,0.3810810810810811,0.9971194139155175
0.0002797995360286175,0.3824324324324324,0.9971143052374448
0.00029042483486514724,0.3824324324324324,0.9970933907035455
0.00029042483486514724,0.3837837837837838,0.9970736891656928
0.0002939666011439905,0.3837837837837838,0.9970386587090243
0.0002939666011439905,0.38513513513513514,0.9970163216545024
0.00031167543253820683,0.38513513513513514,0.9969324578917779
0.00031167543253820683,0.3864864864864865,0.9969030188978103
0.0003152171988170501,0.3864864864864865,0.9968990261293488
0.0003152171988170501,0.3878378378378378,0.9968985471536747
0.0003187589650958933,0.3878378378378378,0.9968884507345874
0.0003187589650958933,0.3918918918918919,0.9968813302802014
0.00032230073137473657,0.3918918918918919,0.9968735940966276
0.00032230073137473657,0.39864864864864863,0.9968175833702608
0.0003258424976535798,0.39864864864864863,0.996796908248177
0.0003258424976535798,0.40135135135135136,0.9967704236904824
0.0003364677964901096,0.40135135135135136,0.9967484234651837
0.0003364677964901096,0.40675675675675677,0.9966774345318724
0.00034355132904779616,0.40675675675675677,0.9966413584346882
0.00034355132904779616,0.4081081081081081,0.9965814842361749
0.0003541766278843259,0.4081081081081081,0.9965536756267157
0.0003541766278843259,0.41081081081081083,0.9965236803594774
0.00035771839416316915,0.41081081081081083,0.9965172086302387
0.00035771839416316915,0.4135135135135135,0.9965096489880408
0.0003648019267208557,0.4135135135135135,0.9964764657656758
0.0003648019267208557,0.41486486486486485,0.9964736101574632
0.00036834369299969895,0.41486486486486485,0.9964629262888896
0.00036834369299969895,0.4175675675675676,0.9964018663399928
0.000382510758115072,0.4175675675675676,0.9963781522000903
0.000382510758115072,0.4189189189189189,0.9963625895625712
0.00038605252439391524,0.4189189189189189,0.9963510721092775
0.00038605252439391524,0.42027027027027025,0.9963445614940217
0.0004002195895092883,0.42027027027027025,0.9963299502918138
0.0004002195895092883,0.4243243243243243,0.9962976762985081
0.0004073031220669748,0.4243243243243243,0.9962657525304092
0.0004073031220669748,0.42702702702702705,0.9962498632398782
0.0004143866546246613,0.42702702702702705,0.9962333681759318
0.0004143866546246613,0.4297297297297297,0.9962106875626823
0.0004320954860188776,0.4297297297297297,0.9961509634774134
0.0004320954860188776,0.43108108108108106,0.9961326632331975
0.00045688784997078045,0.43108108108108106,0.9960556790360507
0.00045688784997078045,0.43648648648648647,0.9959791209003511
0.0004604296162496237,0.43648648648648647,0.9959602948414494
0.0004604296162496237,0.4391891891891892,0.9959272153504246
0.00046397138252846694,0.4391891891891892,0.995894913879939
0.00046397138252846694,0.44054054054054054,0.9958886288841624
0.00047105491508615344,0.44054054054054054,0.9958107659645085
0.00047105491508615344,0.4418918918918919,0.9958026913926867
0.00047459668136499674,0.4418918918918919,0.9957837056119243
0.00047459668136499674,0.44324324324324327,0.9957509472394138
0.00047813844764384,0.44324324324324327,0.9957468540692155
0.00047813844764384,0.4472972972972973,0.9956877742706807
0.00048168021392268323,0.4472972972972973,0.9956871204400398
0.00048168021392268323,0.45,0.9956486792780075
0.0004852219802015265,0.45,0.9956186672286322
0.0004852219802015265,0.45135135135135135,0.9956078772336023
0.000492305512759213,0.45135135135135135,0.9955694044943968
0.000492305512759213,0.4581081081081081,0.9954936483420774
0.0005064725778745861,0.4581081081081081,0.9954012601541626
0.0005064725778745861,0.46621621621621623,0.9953041792961135
0.0005100143441534293,0.46621621621621623,0.9952458491987506
0.0005100143441534293,0.4783783783783784,0.9951721571129172
0.0005206396429899591,0.4783783783783784,0.995135994431242
0.0005206396429899591,0.4810810810810811,0.9950834967448449
0.0005277231755476457,0.4810810810810811,0.9950238289688437
0.0005277231755476457,0.4864864864864865,0.9949488957539253
0.0005383484743841754,0.4864864864864865,0.9949313035212418
0.0005383484743841754,0.48783783783783785,0.9949204088348649
0.0005454320069418619,0.48783783783783785,0.9949159039992858
0.0005454320069418619,0.4891891891891892,0.9949148408654459
0.000559599072057235,0.4891891891891892,0.9948874489999975
0.000559599072057235,0.4945945945945946,0.9947568325996794
0.0005666826046149215,0.4945945945945946,0.9947562000872677
0.0005666826046149215,0.4972972972972973,0.9947352975673884
0.000573766137172608,0.4972972972972973,0.9947232081033336
0.000573766137172608,0.504054054054054,0.99468590605611
0.0005808496697302945,0.504054054054054,0.9946732939013563
0.0005808496697302945,0.5054054054054054,0.9946674078417809
0.0005843914360091377,0.5054054054054054,0.9946618289944967
0.0005843914360091377,0.5067567567567568,0.9946416763976398
0.0005985585011245108,0.5067567567567568,0.9945856810935145
0.0005985585011245108,0.5081081081081081,0.9945821403612072
0.0006021002674033541,0.5081081081081081,0.9945764172114033
0.0006021002674033541,0.5094594594594595,0.9945330291656328
0.0006056420336821973,0.5094594594594595,0.9944647857001502
0.0006056420336821973,0.5108108108108108,0.9944293245728864
0.0006091837999610406,0.5108108108108108,0.9944226678665194
0.0006091837999610406,0.5135135135135135,0.9943718165274046
0.0006127255662398838,0.5135135135135135,0.9943282155635722
0.0006127255662398838,0.5148648648648648,0.9942842906491904
0.0006375179301917866,0.5148648648648648,0.9942215764294873
0.0006375179301917866,0.5175675675675676,0.9941410499480324
0.0006410596964706299,0.5175675675675676,0.9941254845700201
0.0006410596964706299,0.518918918918919,0.9941246356529598
0.0006446014627494731,0.518918918918919,0.9941074249963997
0.0006446014627494731,0.5202702702702703,0.9940942140692132
0.000655226761586003,0.5202702702702703,0.9940466927378192
0.000655226761586003,0.5283783783783784,0.9938949575039647
0.0006658520604225327,0.5283783783783784,0.9938043418416393
0.0006658520604225327,0.5297297297297298,0.9937991573949692
0.0006729355929802192,0.5297297297297298,0.9937240110798459
0.0006729355929802192,0.5310810810810811,0.993714562916425
0.0006871026580955923,0.5310810810810811,0.9936694037037743
0.0006871026580955923,0.5324324324324324,0.9936366296501775
0.0006977279569321221,0.5324324324324324,0.9935917663151661
0.0006977279569321221,0.5337837837837838,0.9935374509780185
0.0007012697232109653,0.5337837837837838,0.9935319558654298
0.0007012697232109653,0.5351351351351351,0.9935140213632568
0.0007048114894898086,0.5351351351351351,0.9935137438048325
0.0007048114894898086,0.5378378378378378,0.9934931527569562
0.0007296038534417114,0.5378378378378378,0.9934061629494254
0.0007296038534417114,0.5432432432432432,0.9933631193810184
0.0007437709185570844,0.5432432432432432,0.9932674181747446
0.0007437709185570844,0.5445945945945946,0.9932460716550429
0.0007473126848359276,0.5445945945945946,0.993230081992395
0.0007473126848359276,0.5459459459459459,0.993214132524566
0.000750854451114771,0.5459459459459459,0.9931782065236047
0.000750854451114771,0.5472972972972973,0.9931653167317042
0.0007543962173936142,0.5472972972972973,0.9931623857769077
0.0007543962173936142,0.5486486486486486,0.9931554285188195
0.000765021516230144,0.5486486486486486,0.9930735042297054
0.000765021516230144,0.55,0.993073012988369
0.0007685632825089872,0.55,0.9930638170246556
0.0007685632825089872,0.5513513513513514,0.993039379204129
0.000779188581345517,0.5513513513513514,0.9930049297629365
0.000779188581345517,0.5527027027027027,0.9930030591093346
0.0007862721139032036,0.5527027027027027,0.9929864581839807
0.0007862721139032036,0.5554054054054054,0.9929616307634807
0.0007933556464608901,0.5554054054054054,0.9929346281839039
0.0007933556464608901,0.5567567567567567,0.9928587843512502
0.0007968974127397333,0.5567567567567567,0.9928416410325341
0.0007968974127397333,0.5594594594594594,0.9928146708829536
0.0008216897766916361,0.5594594594594594,0.9926167562398761
0.0008216897766916361,0.5608108108108109,0.9926111870916511
0.0008252315429704794,0.5608108108108109,0.9926088546185361
0.0008252315429704794,0.5621621621621622,0.9926081393489471
0.0008287733092493226,0.5621621621621622,0.992550355146584
0.0008287733092493226,0.5635135135135135,0.9925341208331759
0.0008393986080858524,0.5635135135135135,0.9924863951899248
0.0008393986080858524,0.5662162162162162,0.9924202782491918
0.0008464821406435389,0.5662162162162162,0.9923544713544168
0.0008464821406435389,0.5675675675675675,0.9923158765277085
0.0008535656732012255,0.5675675675675675,0.9922310955051679
0.0008535656732012255,0.5689189189189189,0.9921967776259418
0.000860649205758912,0.5689189189189189,0.9921213850824597
0.000860649205758912,0.5702702702702702,0.9920906335773357
0.0008677327383165985,0.5702702702702702,0.9920736596880059
0.0008677327383165985,0.572972972972973,0.9920536957016554
0.0008818998034319716,0.572972972972973,0.9919851818635962
0.0008818998034319716,0.5743243243243243,0.9919670187379488
0.0008925251022685013,0.5743243243243243,0.9919267123480249
0.0008925251022685013,0.5756756756756757,0.9919173908182093
0.0008960668685473446,0.5756756756756757,0.9919131717586349
0.0008960668685473446,0.5783783783783784,0.9919038858669134
0.000903150401105031,0.5783783783783784,0.9918849564844997
0.000903150401105031,0.5797297297297297,0.9918802009513928
0.0009066921673838743,0.5797297297297297,0.9918600184311401
0.0009066921673838743,0.581081081081081,0.9917714826922078
0.0009102339336627175,0.581081081081081,0.9917556573869035
0.0009102339336627175,0.5837837837837838,0.9916185952123258
0.0009173174662204041,0.5837837837837838,0.991590196358087
0.0009173174662204041,0.5851351351351352,0.9915865919462464
0.000970443960403053,0.5851351351351352,0.9911357122637744
0.000970443960403053,0.5878378378378378,0.9911230714889379
0.0009775274929607395,0.5878378378378378,0.9910966769966597
0.0009775274929607395,0.5905405405405405,0.9910272548874502
0.0009881527917972692,0.5905405405405405,0.9909929717481432
0.0009881527917972692,0.5918918918918918,0.9909892342487653
0.000995236324354956,0.5918918918918918,0.9909342656645154
0.000995236324354956,0.595945945945946,0.9908797011346931
0.0010058616231914857,0.595945945945946,0.9908031117923701
0.0010058616231914857,0.5972972972972973,0.9908023086737171
0.0010200286883068586,0.5972972972972973,0.9907214211820485
0.0010200286883068586,0.5986486486486486,0.9906865097628105
0.0010341957534222316,0.5986486486486486,0.9906121239329007
0.0010341957534222316,0.6,0.990589726336089
0.0010448210522587614,0.6,0.9904943363945213
0.0010448210522587614,0.6013513513513513,0.9904591226663831
0.0010625298836529778,0.6013513513513513,0.990334098779615
0.0010625298836529778,0.6054054054054054,0.990285163751963
0.0010696134162106643,0.6054054054054054,0.9901903647233236
0.0010696134162106643,0.6067567567567568,0.990189684065419
0.001080238715047194,0.6067567567567568,0.9900569291786283
0.001080238715047194,0.6094594594594595,0.9900517269166572
0.0010908640138837238,0.6094594594594595,0.9899443942070542
0.0010908640138837238,0.6108108108108108,0.9899290122605848
0.0010979475464414103,0.6108108108108108,0.9898486047456908
0.0010979475464414103,0.6121621621621621,0.9898458738924393
0.00110857284527794,0.6121621621621621,0.9898187943460289
0.00110857284527794,0.6135135135135135,0.98980351662147
0.001133365209229843,0.6135135135135135,0.9896465257623912
0.001133365209229843,0.6148648648648649,0.9896247671459029
0.0011369069755086862,0.6148648648648649,0.9896194452373562
0.0011369069755086862,0.6162162162162163,0.989595002355375
0.0011510740406240592,0.6162162162162163,0.9894888437616077
0.0011510740406240592,0.6175675675675676,0.9894736928564157
0.0011723246382971187,0.6175675675675676,0.9892851084932195
0.0011723246382971187,0.6202702702702703,0.9892035411026155
0.0011794081708548052,0.6202702702702703,0.9891888229516315
0.0011794081708548052,0.6229729729729729,0.989101327941136
0.0011829499371336487,0.6229729729729729,0.9890684873396945
0.0011829499371336487,0.6256756756756757,0.9889887033880231
0.001200658768527865,0.6256756756756757,0.988900458023986
0.001200658768527865,0.6270270270270271,0.9888894880788048
0.0012112840673643946,0.6270270270270271,0.9888290871703023
0.0012112840673643946,0.6283783783783784,0.9888086862857464
0.0012254511324797676,0.6283783783783784,0.98872370940423
0.0012254511324797676,0.6297297297297297,0.9887199866530558
0.0012325346650374541,0.6297297297297297,0.9886547662101458
0.0012325346650374541,0.6310810810810811,0.9886324257964608
0.00127149409410473,0.6310810810810811,0.9883732574084836
0.00127149409410473,0.6364864864864865,0.9882148707044538
0.0012892029254989463,0.6364864864864865,0.9878730265533033
0.0012892029254989463,0.6378378378378379,0.9878673745874821
0.001310453523172006,0.6378378378378379,0.9876965211707819
0.001310453523172006,0.6391891891891892,0.9876902401280385
0.0013175370557296925,0.6391891891891892,0.9876850127423175
0.0013175370557296925,0.6405405405405405,0.9876733509410767
0.001324620588287379,0.6405405405405405,0.9876018931302902
0.001324620588287379,0.6418918918918919,0.9875698227653256
0.0013281623545662222,0.6418918918918919,0.9875160525507529
0.0013281623545662222,0.6459459459459459,0.9874085757669957
0.001338787653402752,0.6459459459459459,0.9873283524269371
0.001338787653402752,0.6486486486486487,0.9873231073002582
0.0013742053161911847,0.6486486486486487,0.9870559731467298
0.0013742053161911847,0.65,0.9870442429419073
0.0013848306150277144,0.65,0.9869836110555246
0.0013848306150277144,0.6513513513513514,0.986948083659434
0.0014096229789796171,0.6513513513513514,0.9867413285690985
0.0014096229789796171,0.654054054054054,0.986574464080583
0.0014131647452584604,0.654054054054054,0.9864591451187346
0.0014131647452584604,0.6567567567567567,0.9863521762340147
0.0014167065115373036,0.6567567567567567,0.9863294340928377
0.0014167065115373036,0.6581081081081082,0.9862681779096495
0.0014450406417680498,0.6581081081081082,0.9859186149407256
0.0014450406417680498,0.6608108108108108,0.9858450402999475
0.001448582408046893,0.6608108108108108,0.9858290044313043
0.001448582408046893,0.6621621621621622,0.9857898350510947
0.0014556659406045796,0.6621621621621622,0.985644421423763
0.0014556659406045796,0.6635135135135135,0.9856366862614067
0.0015123342010660717,0.6635135135135135,0.9851408009027905
0.0015123342010660717,0.6648648648648648,0.9851331119721121
0.0015477518638545042,0.6648648648648648,0.9848402492833469
0.0015477518638545042,0.6662162162162162,0.9847826002054333
0.0015973365917583099,0.6662162162162162,0.984257254129938
0.0015973365917583099,0.6675675675675675,0.984213031388495
0.001615045423152526,0.6675675675675675,0.9841238900277584
0.001615045423152526,0.668918918918919,0.9840445513949355
0.0016185871894313694,0.668918918918919,0.9840175040410689
0.0016185871894313694,0.6702702702702703,0.9839435419242529
0.0016433795533832723,0.6702702702702703,0.9837432868209609
0.0016433795533832723,0.6716216216216216,0.9837278041365558
0.001682338982450548,0.6716216216216216,0.9831672751073248
0.001682338982450548,0.672972972972973,0.9831357948125583
0.0017000478138447645,0.672972972972973,0.9829546105102158
0.0017000478138447645,0.6743243243243243,0.9829188321368318
0.001707131346402451,0.6743243243243243,0.9828035683927591
0.001707131346402451,0.6756756756756757,0.9827241148891043
0.0017142148789601375,0.6756756756756757,0.982685694061919
0.0017142148789601375,0.677027027027027,0.982682369982499
0.0017531743080274132,0.677027027027027,0.9823794540490448
0.0017531743080274132,0.6783783783783783,0.9823051953656845
0.0017637996068639431,0.6783783783783783,0.9822880276041823
0.0017637996068639431,0.6797297297297298,0.9822486169722026
0.0017744249057004729,0.6797297297297298,0.9821954419801354
0.0017744249057004729,0.6851351351351351,0.9820506543686051
0.001845260231277338,0.6851351351351351,0.981335605589866
0.001845260231277338,0.6864864864864865,0.9813036548257433
0.0018488019975561813,0.6864864864864865,0.981195488884495
0.0018488019975561813,0.6891891891891891,0.9811223183634082
0.0018558855301138678,0.6891891891891891,0.9809455799776653
0.0018558855301138678,0.6905405405405406,0.980862624777367
0.001859427296392711,0.6905405405405406,0.9807888454886082
0.001859427296392711,0.6918918918918919,0.9807844530822428
0.0018665108289503975,0.6918918918918919,0.9807308996050259
0.0018665108289503975,0.6932432432432433,0.9807278483574575
0.0018700525952292408,0.6932432432432433,0.98072481295289
0.0018700525952292408,0.6945945945945946,0.9807095642137952
0.0018913031929023005,0.6945945945945946,0.9802510328564625
0.0018913031929023005,0.6959459459459459,0.9802342445181569
0.0018948449591811437,0.6959459459459459,0.9801942170703666
0.0018948449591811437,0.6972972972972973,0.9801794988609142
0.001955054985921479,0.6972972972972973,0.9796076599558908
0.001955054985921479,0.6986486486486486,0.9795902746882729
0.0019585967522003224,0.6986486486486486,0.9795571294439207
0.0019585967522003224,0.7,0.9795481203434286
0.001965680284758009,0.7,0.9795403166458395
0.001965680284758009,0.7013513513513514,0.9794579541606347
0.001969222051036852,0.7013513513513514,0.979457401057586
0.001969222051036852,0.7027027027027027,0.9794029279613975
0.0020435991428925603,0.7027027027027027,0.9785484539955238
0.0020435991428925603,0.7054054054054054,0.9784703317016664
0.0020542244417290903,0.7054054054054054,0.9783940836939938
0.0020542244417290903,0.7067567567567568,0.9783181236846513
0.0020896421045175227,0.7067567567567568,0.9778125036668462
0.0020896421045175227,0.7081081081081081,0.9777723668181071
0.0021286015335847987,0.7081081081081081,0.977138533294644
0.0021286015335847987,0.7094594594594594,0.9771203094110625
0.0021711027289309176,0.7094594594594594,0.9765575804714206
0.0021711027289309176,0.7108108108108108,0.9764646214872452
0.0021781862614886046,0.7108108108108108,0.9761427150556007
0.0021781862614886046,0.7121621621621622,0.9761228772237729
0.0021958950928828206,0.7121621621621622,0.9758491693198953
0.0021958950928828206,0.7135135135135136,0.9757397303312542
0.00223839628822894,0.7135135135135136,0.9754957797980747
0.00223839628822894,0.7148648648648649,0.9754724758961091
0.0022773557172962155,0.7148648648648649,0.9751860966906618
0.0022773557172962155,0.7162162162162162,0.9750212157327895
0.002309231613805805,0.7162162162162162,0.9748356061408407
0.002309231613805805,0.7175675675675676,0.9748010415086371
0.0023658998742672973,0.7175675675675676,0.9740591442891111
0.0023658998742672973,0.7189189189189189,0.9739851232231793
0.002387150471940357,0.7189189189189189,0.9736106900118223
0.002387150471940357,0.7216216216216216,0.9735664276322241
0.0023977757707768863,0.7216216216216216,0.9734461405321795
0.0023977757707768863,0.722972972972973,0.9734283778282841
0.0025075705254210276,0.722972972972973,0.9721212214791201
0.0025075705254210276,0.7243243243243244,0.9721084763535379
0.002557155253324833,0.7243243243243244,0.971407505769352
0.002557155253324833,0.7256756756756757,0.9713486302416063
0.002613823513786325,0.7256756756756757,0.9702211734069184
0.002613823513786325,0.727027027027027,0.9701935368951666
0.002624448812622855,0.727027027027027,0.9700173927065062
0.002624448812622855,0.7283783783783784,0.9700118479038423
0.0026598664754112875,0.7283783783783784,0.9693578631637566
0.0026598664754112875,0.7297297297297297,0.9691038977332772
0.002666950007968974,0.7297297297297297,0.9690285178995238
0.002666950007968974,0.731081081081081,0.9689942004360029
0.0026704917742478174,0.731081081081081,0.9689575925673929
0.0026704917742478174,0.7337837837837838,0.9688321555512864
0.002681117073084347,0.7337837837837838,0.9687534051634074
0.002681117073084347,0.7378378378378379,0.9685061015022935
0.002688200605642034,0.7378378378378379,0.9683733900306039
0.002688200605642034,0.7405405405405405,0.9682895888684611
0.002691742371920877,0.7405405405405405,0.9682559090498605
0.002691742371920877,0.7418918918918919,0.9682485600747787
0.0026952841381997204,0.7418918918918919,0.9682439026479643
0.0026952841381997204,0.7432432432432432,0.9681726022531704
0.0027129929695939364,0.7432432432432432,0.9679240701973371
0.0027129929695939364,0.7472972972972973,0.9677673787104645
0.002720076502151623,0.7472972972972973,0.9676796232609246
0.002720076502151623,0.7486486486486487,0.9676559241482564
0.0027377853335458393,0.7486486486486487,0.9672521598109116
0.0027377853335458393,0.7513513513513513,0.9669801172446408
0.002755494164940056,0.7513513513513513,0.9665970989696933
0.002755494164940056,0.7527027027027027,0.9664383200688398
0.002759035931218899,0.7527027027027027,0.966406510968611
0.002759035931218899,0.754054054054054,0.9663412310471403
0.002769661230055429,0.754054054054054,0.9662002129036918
0.002769661230055429,0.7554054054054054,0.9661353928346935
0.002773202996334272,0.7554054054054054,0.9658631400213626
0.002773202996334272,0.7567567567567568,0.9658136950778258
0.0027802865288919583,0.7567567567567568,0.9654620550470913
0.0027802865288919583,0.7581081081081081,0.965454929521593
0.002787370061449645,0.7581081081081081,0.9653275543616767
0.002787370061449645,0.7594594594594595,0.9653149949161631
0.0028192459579592342,0.7594594594594595,0.9647509572130161
0.0028192459579592342,0.7608108108108108,0.9647095796024819
0.0028369547893534507,0.7608108108108108,0.9643299179584778
0.0028369547893534507,0.7621621621621621,0.964321190328572
0.0028475800881899802,0.7621621621621621,0.9640329929917921
0.0028475800881899802,0.7635135135135135,0.9639000572109075
0.002861747153305353,0.7635135135135135,0.9637470161962571
0.002861747153305353,0.7648648648648648,0.9637419033398394
0.002911331881209159,0.7648648648648648,0.9628271871231368
0.002911331881209159,0.7662162162162162,0.9625828558760016
0.002929040712603375,0.7662162162162162,0.9624635995449858
0.002929040712603375,0.7675675675675676,0.9623441607861055
0.0029432077777187485,0.7675675675675676,0.9622567688629952
0.0029432077777187485,0.768918918918919,0.9618224588571398
0.0029857089730648675,0.768918918918919,0.9613782927536285
0.0029857089730648675,0.7716216216216216,0.9613091089860988
0.0029892507393437105,0.7716216216216216,0.961263244278211
0.0029892507393437105,0.772972972972973,0.9610763460987439
0.003003417804459084,0.772972972972973,0.9605266339435014
0.003003417804459084,0.7743243243243243,0.9602723739648448
0.003035293700968673,0.7743243243243243,0.9598032399863566
0.003035293700968673,0.7756756756756756,0.9596361658424621
0.003060086064920576,0.7756756756756756,0.9588798926657145
0.003060086064920576,0.7797297297297298,0.9586161953176001
0.0030813366625936354,0.7797297297297298,0.9580731525755516
0.0030813366625936354,0.7810810810810811,0.9580462502139184
0.0031061290265455383,0.7810810810810811,0.9576940461826796
0.0031061290265455383,0.7824324324324324,0.9575466446865806
0.0031840478846800898,0.7824324324324324,0.9559049988192299
0.0031840478846800898,0.7837837837837838,0.955464487033318
0.003198214949795463,0.7837837837837838,0.9553147551414852
0.003198214949795463,0.7864864864864864,0.9551184376694056
0.003279675574208858,0.7864864864864864,0.9532959347715952
0.003279675574208858,0.7878378378378378,0.9531604270228728
0.0033186350032761336,0.7878378378378378,0.9525903110029278
0.0033186350032761336,0.7891891891891892,0.9524050904008146
0.0033575944323434095,0.7891891891891892,0.9518832595212094
0.0033575944323434095,0.7905405405405406,0.9518688486665152
0.0033717614974587825,0.7905405405405406,0.9513606694399167
0.0033717614974587825,0.7918918918918919,0.9511900267637281
0.0033965538614106855,0.7918918918918919,0.9505116783097637
0.0033965538614106855,0.7932432432432432,0.9504833413343673
0.003442596823035648,0.7932432432432432,0.9494785757754058
0.003442596823035648,0.7959459459459459,0.949346774539705
0.0034921815509394534,0.7959459459459459,0.9477734953956515
0.0034921815509394534,0.7972972972972973,0.9477473928845425
0.0035275992137278863,0.7972972972972973,0.9467478682811408
0.0035275992137278863,0.7986486486486486,0.9466889085727338
0.0035559333439586322,0.7986486486486486,0.946320352141283
0.0035559333439586322,0.8,0.9462953469542338
0.0035842674741893782,0.8,0.9457540481093363
0.0035842674741893782,0.8013513513513514,0.9457059967603898
0.003690520462554676,0.8013513513513514,0.944208857726473
0.003690520462554676,0.8027027027027027,0.9441284311342439
0.003733021657900795,0.8027027027027027,0.9430359574219064
0.003733021657900795,0.8040540540540541,0.9430275246323506
0.0037401051904584815,0.8040540540540541,0.942800253179713
0.0037401051904584815,0.8054054054054054,0.9427482874991632
0.003796773450919974,0.8054054054054054,0.9413020033796943
0.003796773450919974,0.8094594594594594,0.9411113741681979
0.003810940516035347,0.8094594594594594,0.9406975345854708
0.003810940516035347,0.8108108108108109,0.9406816992678143
0.003895942906727585,0.8108108108108109,0.9381806693756605
0.003895942906727585,0.8121621621621622,0.9381151355047826
0.0039030264392852718,0.8121621621621622,0.9380823040512004
0.0039030264392852718,0.8135135135135135,0.937992869819268
0.003959694699746764,0.8135135135135135,0.9366482630808866
0.003959694699746764,0.8148648648648649,0.9366419803207836
0.003995112362535197,0.8148648648648649,0.9356594345324156
0.003995112362535197,0.8162162162162162,0.9355807298494198
0.004005737661371726,0.8162162162162162,0.9350107958206916
0.004005737661371726,0.8175675675675675,0.9349869435595141
0.004019904726487099,0.8175675675675675,0.9346625699616425
0.004019904726487099,0.8189189189189189,0.9344820935967633
0.004073031220669748,0.8189189189189189,0.9325553840287686
0.004073031220669748,0.8202702702702702,0.9325433878274437
0.004104907117179337,0.8202702702702702,0.9317163049109835
0.004104907117179337,0.8216216216216217,0.9317025836149824
0.0041438665462466134,0.8216216216216217,0.9308793065474952
0.0041438665462466134,0.822972972972973,0.9307901535341675
0.0041509500788042995,0.822972972972973,0.9306427825626912
0.0041509500788042995,0.8256756756756757,0.9305189781990787
0.004168658910198516,0.8256756756756757,0.9297918878483155
0.004168658910198516,0.827027027027027,0.9296983012495704
0.004189909507871576,0.827027027027027,0.929284364857496
0.004189909507871576,0.8283783783783784,0.9292730826187016
0.004313871327631089,0.8283783783783784,0.924989938318366
0.004313871327631089,0.8297297297297297,0.9248993680920693
0.004328038392746462,0.8297297297297297,0.9243398590653733
0.004328038392746462,0.831081081081081,0.9240664591707051
0.004352830756698366,0.831081081081081,0.9231182797645042
0.004352830756698366,0.8324324324324325,0.9229838033288568
0.004395331952044485,0.8324324324324325,0.9220326060025132
0.004395331952044485,0.8337837837837838,0.9218897086600192
0.004413040783438701,0.8337837837837838,0.9212996678648369
0.004413040783438701,0.8351351351351352,0.9208989287780862
0.0045370026031982145,0.8351351351351352,0.916354326871936
0.0045370026031982145,0.8364864864864865,0.9161774399983071
0.004575962032265491,0.8364864864864865,0.9147602903243018
0.004575962032265491,0.8378378378378378,0.9147173341155128
0.00463971382528467,0.8378378378378378,0.913198859058175
0.00463971382528467,0.8391891891891892,0.9131543826912043
0.0048805539322460114,0.8391891891891892,0.9024723020673069
0.0048805539322460114,0.8405405405405405,0.9020801462457784
0.0049159715950344435,0.8405405405405405,0.9001661804852613
0.0049159715950344435,0.8418918918918918,0.9001344888814452
0.004951389257822876,0.8418918918918918,0.8982886443938162
0.004951389257822876,0.8445945945945946,0.8980686557739065
0.005015141050842055,0.8445945945945946,0.8955354368846264
0.005015141050842055,0.845945945945946,0.8954761948930006
0.005132019338043883,0.845945945945946,0.89143132336999
0.005132019338043883,0.8472972972972973,0.8913230377778905
0.005149728169438099,0.8472972972972973,0.8903791578034345
0.005149728169438099,0.8486486486486486,0.8902368196196103
0.005163895234553472,0.8486486486486486,0.8896565600846166
0.005163895234553472,0.85,0.8896234948963703
0.0051816040659476885,0.85,0.8890038747505784
0.0051816040659476885,0.8513513513513513,0.8889714470794675
0.0052170217287361206,0.8513513513513513,0.8879155039162627
0.0052170217287361206,0.8527027027027027,0.8875841569627004
0.005312649418264889,0.8527027027027027,0.8822155019616056
0.005312649418264889,0.8540540540540541,0.8819137964578875
0.005344525314774478,0.8540540540540541,0.8806755309365253
0.005344525314774478,0.8567567567567568,0.8804516757137947
0.005443694770582089,0.8567567567567568,0.8764617618658785
0.005443694770582089,0.8581081081081081,0.876460316100075
0.005532238927553171,0.8581081081081081,0.8709766662982271
0.005532238927553171,0.8594594594594595,0.8705518786264992
0.006006835608918168,0.8594594594594595,0.8552189453910817
0.006006835608918168,0.8608108108108108,0.8550021981515793
0.006056420336821973,0.8608108108108108,0.8525203106465523
0.006056420336821973,0.8621621621621621,0.8523937143075886
0.0060670456356585025,0.8621621621621621,0.8522378458870546
0.0060670456356585025,0.8635135135135135,0.8522061572507081
0.006176840390302644,0.8635135135135135,0.847251857731921
0.006176840390302644,0.8648648648648649,0.8471127068004316
0.00622642511820645,0.8648648648648649,0.8442154066620373
0.00622642511820645,0.8662162162162163,0.8440018454944849
0.0063043439763410015,0.8662162162162163,0.8404423669994259
0.0063043439763410015,0.8675675675675676,0.8403858624835566
0.006364554003081337,0.8675675675675676,0.8389578744651436
0.006364554003081337,0.8689189189189189,0.8389564115941429
0.006548725849581186,0.8689189189189189,0.829706337137948
0.006548725849581186,0.8702702702702703,0.8290880928727874
0.006566434680975402,0.8702702702702703,0.827610647745701
0.006566434680975402,0.8716216216216216,0.8275030621897441
0.006654978837946484,0.8716216216216216,0.823054263472758
0.006654978837946484,0.8729729729729729,0.8230248528251698
0.006874568347234766,0.8729729729729729,0.8133627136045313
0.006874568347234766,0.8743243243243243,0.8132923871925567
0.007037489596061556,0.8743243243243243,0.8051478773471663
0.007037489596061556,0.8756756756756757,0.8045721963822486
0.0070410313623403996,0.8756756756756757,0.8043776607689931
0.0070410313623403996,0.8770270270270271,0.8042827925215386
0.007044573128619242,0.8770270270270271,0.8042288391649036
0.007044573128619242,0.8783783783783784,0.804017822547932
0.0071472843507056965,0.8783783783783784,0.8002538619427177
0.0071472843507056965,0.8797297297297297,0.8001035801480835
0.0071543678832633835,0.8797297297297297,0.7998898080083008
0.0071543678832633835,0.8810810810810811,0.7997636594347445
0.00735624856115745,0.8810810810810811,0.7900988446588926
0.00735624856115745,0.8824324324324324,0.7896106922331342
0.0075829216030034174,0.8824324324324324,0.7782583627479851
0.0075829216030034174,0.8837837837837837,0.7773057192412705
0.007703341656484088,0.8837837837837837,0.7706823278659428
0.007703341656484088,0.8851351351351351,0.7706118127100089
0.007876888204147408,0.8851351351351351,0.7589372728897925
0.007876888204147408,0.8864864864864865,0.7586331588600715
0.00791230586693584,0.8864864864864865,0.7569846303362469
0.00791230586693584,0.8878378378378379,0.7565618293308306
0.007919389399493527,0.8878378378378379,0.7560589235056054
0.007919389399493527,0.8891891891891892,0.7558920379821285
0.008011475322743452,0.8891891891891892,0.7520518337148222
0.008011475322743452,0.8905405405405405,0.7517927465562022
0.00824877366342595,0.8905405405405405,0.7376872059387847
0.00824877366342595,0.8918918918918919,0.737631049141303
0.008383360782021995,0.8918918918918919,0.7297035103885408
0.008383360782021995,0.8932432432432432,0.7292884048057824
0.008496697302944979,0.8932432432432432,0.7223188081634636
0.008496697302944979,0.8945945945945946,0.7222724659241184
0.008847332164550461,0.8945945945945946,0.7006254959630357
0.008847332164550461,0.8959459459459459,0.7003219206386199
0.008967752218031132,0.8959459459459459,0.693734027162149
0.008967752218031132,0.8972972972972973,0.6936983749175696
0.009640687811011352,0.8972972972972973,0.6570491997769735
0.009640687811011352,0.8986486486486487,0.6566444683117224
0.009778816695886238,0.8986486486486487,0.6481104583333365
0.009778816695886238,0.9,0.6480897549840254
0.009796525527280454,0.9,0.647413295309031
0.009796525527280454,0.9013513513513514,0.647239824064566
0.009888611450530379,0.9013513513513514,0.6407492527528501
0.009888611450530379,0.9027027027027027,0.640380765840534
0.009920487347039968,0.9027027027027027,0.6389482581658494
0.009920487347039968,0.904054054054054,0.6388115896992734
0.010210912181905117,0.904054054054054,0.6217951713400188
0.010210912181905117,0.9054054054054054,0.6217305646679756
0.01033487400166463,0.9054054054054054,0.6126128411625806
0.01033487400166463,0.9067567567567567,0.6125296822060529
0.010476544652818361,0.9067567567567567,0.6043929599472394
0.010476544652818361,0.9081081081081082,0.6043475778985493
0.010494253484212577,0.9081081081081082,0.6023424583627207
0.010494253484212577,0.9094594594594595,0.601933737710786
0.010501337016770263,0.9094594594594595,0.601476097136871
0.010501337016770263,0.9108108108108108,0.6014384216176198
0.0109546831004622,0.9108108108108108,0.5781281893045743
0.0109546831004622,0.9121621621621622,0.5780584610467099
0.011029060192317908,0.9121621621621622,0.5717104530783429
0.011029060192317908,0.9135135135135135,0.5716555506308517
0.01109635375161593,0.9135135135135135,0.568458526569242
0.01109635375161593,0.9148648648648648,0.5683080706092941
0.011234482636490817,0.9148648648648648,0.5608395809292837
0.011234482636490817,0.9162162162162162,0.5607395531006303
0.011461155678336787,0.9162162162162162,0.5475296152390113
0.011461155678336787,0.9175675675675675,0.5471690493210346
0.011503656873682907,0.9175675675675675,0.5437510962617255
0.011503656873682907,0.918918918918919,0.5434102415156155
0.01176928934459615,0.918918918918919,0.530036924911746
0.01176928934459615,0.9202702702702703,0.5297346403969901
0.012367847845720661,0.9202702702702703,0.49945914021527477
0.012367847845720661,0.9216216216216216,0.49942956566266783
0.012690148577095398,0.9216216216216216,0.480503789887993
0.012690148577095398,0.922972972972973,0.48034134186971456
0.012700773875931928,0.922972972972973,0.4794038520770567
0.012700773875931928,0.9243243243243243,0.47877935887104006
0.012870778657316404,0.9243243243243243,0.4691509131777006
0.012870778657316404,0.9256756756756757,0.4689874725067887
0.012994740477075918,0.9256756756756757,0.4633068543451982
0.012994740477075918,0.927027027027027,0.4632758977946371
0.013472878924719758,0.927027027027027,0.4415085460273668
0.013472878924719758,0.9283783783783783,0.44125221145316346
0.013504754821229347,0.9283783783783783,0.43986538947213466
0.013504754821229347,0.9297297297297298,0.43985586018382317
0.01370309373284457,0.9297297297297298,0.4315665523370769
0.01370309373284457,0.9310810810810811,0.43149120053413853
0.014213108076997999,0.9310810810810811,0.41018272140833884
0.014213108076997999,0.9324324324324325,0.41011444493674737
0.014740831252545645,0.9324324324324325,0.39115147699759906
0.014740831252545645,0.9337837837837838,0.3908833569194624
0.016068993607111868,0.9337837837837838,0.34058759527330246
0.016068993607111868,0.9351351351351351,0.3403845001054543
0.016115036568736828,0.9351351351351351,0.33919357054768284
0.016115036568736828,0.9364864864864865,0.3386755665718334
0.016830473357063166,0.9364864864864865,0.3149016683864755
0.016830473357063166,0.9378378378378378,0.3148447403877362
0.016890683383803503,0.9378378378378378,0.31257916161893035
0.016890683383803503,0.9391891891891891,0.31255576406259483
0.016904850448918877,0.9391891891891891,0.31243101085276836
0.016904850448918877,0.9405405405405406,0.31235241708219696
0.017177566452389808,0.9405405405405406,0.30409376004699945
0.017177566452389808,0.9418918918918919,0.30399778914913805
0.017510492482601073,0.9418918918918919,0.2940964227921058
0.017510492482601073,0.9432432432432433,0.29385460893384946
0.01770174786165861,0.9432432432432433,0.28888839045789105
0.01770174786165861,0.9445945945945946,0.2888340273372742
0.017914253838389203,0.9445945945945946,0.2826860393392032
0.017914253838389203,0.9459459459459459,0.28267522084894764
0.018672191822061663,0.9459459459459459,0.2657231699216961
0.018672191822061663,0.9472972972972973,0.26566299914451985
0.019100745541801696,0.9472972972972973,0.2539145851403659
0.019100745541801696,0.9486486486486486,0.253871348667351
0.01960367635339744,0.9486486486486486,0.24247689157544003
0.01960367635339744,0.95,0.2422384376898631
0.01987639235686837,0.95,0.2364568246921084
0.01987639235686837,0.9513513513513514,0.23641620189886794
0.019996812410349042,0.9513513513513514,0.23425090072065116
0.019996812410349042,0.9527027027027027,0.234226217800066
0.02052807735217553,0.9527027027027027,0.2238405529582023
0.02052807735217553,0.9540540540540541,0.2238075633215595
0.02200499389045317,0.9540540540540541,0.1977794535810389
0.02200499389045317,0.9554054054054054,0.19771285878838357
0.02224583399741451,0.9554054054054054,0.1931291102534206
0.02224583399741451,0.9567567567567568,0.1930402696010858
0.022759390107846784,0.9567567567567568,0.18552587515560312
0.022759390107846784,0.9581081081081081,0.185520149806317
0.02346420159733659,0.9581081081081081,0.17603207087071074
0.02346420159733659,0.9594594594594594,0.1759234746717309
0.023850254121730505,0.9594594594594594,0.17139439401489492
0.023850254121730505,0.9608108108108108,0.17135171021328724
0.02422213958100905,0.9608108108108108,0.16657775355657284
0.02422213958100905,0.9621621621621622,0.16654153519817996
0.025323628893729303,0.9621621621621622,0.1546741601216691
0.025323628893729303,0.9635135135135136,0.15466712898286633
0.026042607448334483,0.9635135135135136,0.14784406312750875
0.026042607448334483,0.9648648648648649,0.14778898321831255
0.026818254263401158,0.9648648648648649,0.14120069160760634
0.026818254263401158,0.9662162162162162,0.14117477318624255
0.02723264091802582,0.9662162162162162,0.13745718690276734
0.02723264091802582,0.9675675675675676,0.13742897655163455
0.02823141900865962,0.9675675675675676,0.1300989363077902
0.02823141900865962,0.9689189189189189,0.13004144989379404
0.02899289875861092,0.9689189189189189,0.12482287226294
0.02899289875861092,0.9702702702702702,0.12482110782494481
0.029871256795764047,0.9702702702702702,0.11916697798380783
0.029871256795764047,0.9716216216216216,0.11913793599034819
0.029931466822504384,0.9716216216216216,0.11879503345317541
0.029931466822504384,0.972972972972973,0.11879365952098009
0.0322584072677044,0.972972972972973,0.10602177332219881
0.0322584072677044,0.9743243243243244,0.1059984941998594
0.03261966742814642,0.9743243243243244,0.1042804343040657
0.03261966742814642,0.9756756756756757,0.10427210181153938
0.0336255290513379,0.9756756756756757,0.09969998243081968
0.0336255290513379,0.977027027027027,0.09968526265088379
0.03563371053144203,0.977027027027027,0.09145643310789035
0.03563371053144203,0.9783783783783784,0.09145110633537733
0.03737980130691176,0.9783783783783784,0.08515459285786765
0.03737980130691176,0.9797297297297297,0.08514761496277048
0.03805982043244966,0.9797297297297297,0.08293375842701678
0.03805982043244966,0.981081081081081,0.0829334330333554
0.03856275124404541,0.981081081081081,0.08105895666572924
0.03856275124404541,0.9824324324324324,0.08105563956352382
0.04005029308115957,0.9824324324324324,0.07649164415557073
0.04005029308115957,0.9837837837837838,0.07649149362433501
0.044792718128530695,0.9837837837837838,0.06518160666566769
0.044792718128530695,0.9851351351351352,0.06516794081494798
0.04604650339124121,0.9851351351351352,0.06257367998906775
0.04604650339124121,0.9864864864864865,0.06256943791900862
0.046885901999327066,0.9864864864864865,0.060981619744372474
0.046885901999327066,0.9878378378378379,0.060978140283385426
0.04887991641431582,0.9878378378378379,0.057581258533639754
0.04887991641431582,0.9891891891891892,0.05757564643458944
0.0547238307744072,0.9891891891891892,0.04956697555428559
0.0547238307744072,0.9905405405405405,0.049564981790819154
0.05485841789300324,0.9905405405405405,0.049415230088624154
0.05485841789300324,0.9918918918918919,0.04940902410650926
0.05659388336963644,0.9918918918918919,0.04737007391858825
0.05659388336963644,0.9932432432432432,0.047363925925245694
0.056820556411482405,0.9932432432432432,0.04714560638205263
0.056820556411482405,0.9945945945945946,0.047141546365960914
0.07180931130354708,0.9945945945945946,0.034882786568688436
0.07180931130354708,0.995945945945946,0.0348822359140199
0.0810710301227222,0.995945945945946,0.029956690050306666
0.0810781136552799,0.995945945945946,0.029956293022290994
0.10509483079211603,0.995945945945946,0.021870347447050263
0.10510191432467371,0.995945945945946,0.02186757086818152
0.11957357134002727,0.995945945945946,0.01872646391051164
0.11957357134002727,0.9972972972972973,0.01872609820772583
0.12045901290973808,0.9972972972972973,0.018549408113799095
0.12046609644229578,0.9972972972972973,0.018549377853715007
0.12189697001894845,0.9972972972972973,0.018268268265806728
0.12190759531778497,0.9972972972972973,0.018266799697691367
0.12855194885689494,0.9972972972972973,0.0170946605920434
0.12855194885689494,0.9986486486486487,0.017094414043976557
0.14472365368609325,0.9986486486486487,0.014812817651922973
0.14473782075120864,0.9986486486486487,0.014812106639033946
0.1905505675680462,0.9986486486486487,0.010666310012428161
0.1905505675680462,1.0,0.010666165504795048
0.23766668437549807,1.0,0.00811347768547454
0.23770210203828648,1.0,0.00811346725948461
0.2522268855478227,1.0,0.007540860948371404
0.25228001204200534,1.0,0.007540802083487135
0.25660096690219414,1.0,0.007374598375674237
0.2566080504347518,1.0,0.007374510637121793
0.35305034620765374,1.0,0.0048478232258419626
0.3530574297402114,1.0,0.004847678142478283
0.4043740813543714,1.0,0.003980107022512091
0.4043811648869291,1.0,0.003980050991252949
0.42505445465653724,1.0,0.0036872638842714383
0.4250615381890949,1.0,0.0036872284982958103
0.43945881811259274,1.0,0.003502747019631097
0.4394694434114293,1.0,0.0035026518414895077
0.44614213108077,1.0,0.003423463970245044
0.4461492146133277,1.0,0.0034234578690811113
0.4481821884573837,1.0,0.0033977686265186857
0.4481892719899414,1.0,0.0033977071674983076
0.5068834227629319,1.0,0.0027778516123041896
0.5068905062954896,1.0,0.0027778482559370505
0.5086720147337477,1.0,0.0027622763814351805
0.5086790982663054,1.0,0.002762276208645744
0.5417166941153553,1.0,0.002476380485018995
0.541723777647913,1.0,0.0024763736250561583
0.5563123129504683,1.0,0.002358648732386389
0.5563193964830261,1.0,0.0023586450288263683
0.5926366679062849,1.0,0.0020933559647204904
0.5926437514388425,1.0,0.002093349608121973
0.6255219678053445,1.0,0.0018792230507428357
0.6255290513379023,1.0,0.0018792199893842385
0.7292567603463848,1.0,0.001318361084917257
0.7292638438789424,1.0,0.0013183499570086736
0.7336060493368043,1.0,0.0012983033322763377
0.7336131328693619,1.0,0.0012982964077092967
0.744999911455843,1.0,0.0012433722943511038
0.7450069949884007,1.0,0.0012433333691004818
0.7454851334360445,1.0,0.0012413557702112294
0.7454922169686022,1.0,0.001241340943260007
0.7646035878092404,1.0,0.001155394301633594
0.7646106713417982,1.0,0.001155392479643009
0.7705289627937453,1.0,0.001130337346199713
0.7705431298588606,1.0,0.001130326210364217
0.771233774283235,1.0,0.0011277338269147998
0.7712408578157928,1.0,0.0011276927702913867
0.7893074076041722,1.0,0.001048024551214616
0.7893144911367299,1.0,0.0010480204537082246
0.796089890028157,1.0,0.0010201627747698245
0.7960969735607147,1.0,0.001020136175769199
0.8517770812304096,1.0,0.0007917329256820178
0.8517841647629673,1.0,0.0007917284229470183
0.862026952841382,1.0,0.0007525001519673148
0.8620340363739397,1.0,0.0007524926854549528
0.8644034780144858,1.0,0.0007427828284811528
0.8644105615470435,1.0,0.000742780804594015
0.8650445377109565,1.0,0.0007401479530338342
0.8650516212435141,1.0,0.0007401414254338068
0.8670491774247817,1.0,0.0007320355631785068
0.8670562609573395,1.0,0.0007320297829982727
0.8689156882537321,1.0,0.0007243766979179786
0.8689227717862898,1.0,0.0007243497668395104
0.8759106766544476,1.0,0.0006956237270367389
0.8759177601870053,1.0,0.0006956236442507701
0.8929146965591741,1.0,0.0006264978164821372
0.8929217800917317,1.0,0.0006264659986524693
0.8948307921160282,1.0,0.0006184406749845544
0.894837875648586,1.0,0.0006184347701916613
0.8992261240680728,1.0,0.0006004539112543466
0.8992332076006304,1.0,0.0006004231463152942
0.9013334750039845,1.0,0.0005914271988704628
0.9013405585365422,1.0,0.0005914264282147673
0.9019426588039455,1.0,0.0005891793782779768
0.9019497423365033,1.0,0.0005891677174594935
0.9033168641201367,1.0,0.0005833413730491839
0.9033239476526944,1.0,0.0005833291908537304
0.9035258283305885,1.0,0.0005825773462599258
0.9035329118631461,1.0,0.0005825756790090366
0.9104747737696789,1.0,0.0005543974386805282
0.9104818573022366,1.0,0.0005543911875548059
0.91625847810303,1.0,0.0005303732007045332
0.9162655616355877,1.0,0.0005303421681504982
0.9167153659530007,1.0,0.0005285251505142093
0.9167224494855585,1.0,0.0005285197431305507
0.9168074518762507,1.0,0.0005282207761171443
0.9168145354088084,1.0,0.0005282165718954173
0.9173883015459809,1.0,0.0005254762746885732
0.9174060103773752,1.0,0.000525464780029682
0.9199171226690751,1.0,0.0005150778304745847
0.9199242062016327,1.0,0.0005150664862258771
0.9208273566027377,1.0,0.000511370832709757
0.9208344401352955,1.0,0.0005113663749256018
0.9303936673218934,1.0,0.00047006398022677426
0.9304007508544511,1.0,0.00047006062335149646
0.9322920540473534,1.0,0.00046214307103286376
0.9323026793461899,1.0,0.0004621326528493746
0.9323841399706033,1.0,0.000461852811254474
0.9323947652694399,1.0,0.0004618354415147809
0.9359471568471197,1.0,0.00044688940262335085
0.9359577821459562,1.0,0.0004468820362728964
0.9359931998087446,1.0,0.0004467288322321962
0.9360179921726965,1.0,0.00044671558298432903
0.9361277869273407,1.0,0.00044620724188756917
0.9361348704598984,1.0,0.0004462059347894025
0.9369353096389169,1.0,0.0004427023581958543
0.9369459349377535,1.0,0.0004426794425003075
0.9386636915829925,1.0,0.00043532006295389573
0.9386707751155501,1.0,0.00043530345836853107
0.9391453717969152,1.0,0.00043348964706394573
0.9391524553294728,1.0,0.0004334529594034941
0.9392303741876074,1.0,0.0004332225661816591
0.9392374577201651,1.0,0.0004332151196708411
0.9403070711363757,1.0,0.00042836715494587224
0.94032477996777,1.0,0.0004283507096467587
0.9411995962386442,1.0,0.00042473624530203253
0.9412066797712019,1.0,0.0004247349824580249
0.9412775150967788,1.0,0.0004244895061816372
0.9413023074607306,1.0,0.0004244884994443197
0.9427367228036622,1.0,0.0004182206052112409
0.9427473481024987,1.0,0.0004182197780235572
0.9441321787175264,1.0,0.0004118500068905734
0.9441392622500842,1.0,0.00041183304682880723
0.9472914342382546,1.0,0.0003967751847459966
0.9472985177708123,1.0,0.00039676947180501714
0.9473197683684854,1.0,0.0003966451502569322
0.9473303936673219,1.0,0.00039663601365774433
0.9474578972533603,1.0,0.00039614085030519725
0.9474649807859179,1.0,0.00039611398404791647
0.9493137827834741,1.0,0.00038746529844817555
0.9493208663160319,1.0,0.000387421691572989
0.949653792346243,1.0,0.0003858186517576627
0.9496679594113584,1.0,0.00038579880830612204
0.950695071632223,1.0,0.00038154479029592787
0.9507056969310596,1.0,0.0003815397702245152
0.951123625351963,1.0,0.0003796787778502023
0.9511307088845207,1.0,0.00037962909446337027
0.951169668313588,1.0,0.0003795028129554697
0.9511767518461457,1.0,0.0003794934387790167
0.9523172005879332,1.0,0.00037422769799895197
0.9523313676530486,1.0,0.00037422266024084036
0.9524269953425774,1.0,0.0003737595656426898
0.952434078875135,1.0,0.0003737099360839671
0.9524624130053658,1.0,0.0003736097149513385
0.9524694965379235,1.0,0.00037358423138794867
0.952774088437904,1.0,0.00037221442734946354
0.9527847137367406,1.0,0.0003722124710325145
0.9536134870459898,1.0,0.00036811086617632625
0.9536205705785475,1.0,0.00036810410654387763
0.9537374488657494,1.0,0.00036755710246562823
0.9537480741645858,1.0,0.0003675493297403837
0.9549558164656714,1.0,0.0003621370708345058
0.954966441764508,1.0,0.00036212477045371354
0.9549735252970657,1.0,0.0003621167949544527
0.9549806088296233,1.0,0.0003620997539404524
0.9552958260284404,1.0,0.00036040449270702724
0.9553029095609981,1.0,0.0003603867805184954
0.9556145849935362,1.0,0.0003589969311484921
0.955621668526094,1.0,0.0003589945793879025
0.9559652198551417,1.0,0.0003572523241986314
0.9560006375179302,1.0,0.0003572326409259684
0.9564823177318529,1.0,0.00035496645240299887
0.9564894012644105,1.0,0.00035495924600888515
0.9569321220492659,1.0,0.00035283170424229324
0.9569427473481025,1.0,0.0003528216252541122
0.9594432343409658,1.0,0.0003405214008275626
0.9594538596398023,1.0,0.0003404839008426487
0.9599319980874462,1.0,0.00033801542952238326
0.9599390816200039,1.0,0.0003380070287596294
0.9601197117002249,1.0,0.0003369601650064463
0.9601267952327825,1.0,0.00033695320014972153
0.9603322176769555,1.0,0.00033591785130222666
0.9603393012095132,1.0,0.0003359143163242306
0.9604915971595035,1.0,0.00033504170936750414
0.9604986806920611,1.0,0.00033503349784603977
0.9610618215303972,1.0,0.0003323265588268021
0.9611220315571375,1.0,0.00033229330608335663
0.9614337069896758,1.0,0.0003305486817329065
0.9614407905222334,1.0,0.0003305450205731689
0.9621172678814925,1.0,0.0003272670724901876
0.962127893180329,1.0,0.0003272639268114423
0.962917707060511,1.0,0.00032362278331673854
0.9629283323593476,1.0,0.0003236010601572457
0.9634595973011741,1.0,0.0003205676791248907
0.9634666808337318,1.0,0.0003205536640045003
0.9634879314314049,1.0,0.0003204581100718328
0.9634950149639625,1.0,0.00032045467890507996
0.9645150436522694,1.0,0.0003148812423480097
0.9645221271848271,1.0,0.0003148700535095706
0.9647098407976058,1.0,0.00031387588601062253
0.9647169243301634,1.0,0.0003138754882436553
0.9649046379429421,1.0,0.00031287339450086993
0.9649117214754999,1.0,0.0003128327287671714
0.9650498503603747,1.0,0.0003122348814593621
0.9650569338929325,1.0,0.00031220762740852303
0.9650923515557208,1.0,0.000312120740092414
0.9650994350882786,1.0,0.0003121018407196975
0.9661336308417008,1.0,0.000306493590587413
0.9661477979068162,1.0,0.0003064721616097153
0.9663886380137775,1.0,0.0003052539686838494
0.9663957215463351,1.0,0.00030521620997456044
0.9671394924648923,1.0,0.00030167916946771775
0.9671465759974499,1.0,0.00030167010363295403
0.9673874161044113,1.0,0.00030008105017622825
0.967394499636969,1.0,0.0003000807851662501
0.9681878552834299,1.0,0.0002961739056762676
0.9682020223485452,1.0,0.0002961358341242234
0.9685491154438719,1.0,0.000294475947924084
0.9685597407427083,1.0,0.00029441856976499187
0.9687368290566506,1.0,0.00029327635694201655
0.9687439125892082,1.0,0.00029327604299877655
0.9694558076112557,1.0,0.0002892646723986963
0.9694664329100923,1.0,0.0002892636525116936
0.9697958171740246,1.0,0.00028736294081746695
0.9698029007065824,1.0,0.0002873434448263844
0.9713896119995041,1.0,0.0002793349086172523
0.9714002372983407,1.0,0.00027929220536516904
0.9714639890913599,1.0,0.0002789301388881108
0.9714746143901964,1.0,0.000278923314393844
0.9719102516424941,1.0,0.00027675917369512465
0.9719173351750517,1.0,0.0002767520120956493
0.9730223662540509,1.0,0.0002706174758949139
0.9730294497866085,1.0,0.0002705876588008136
0.9736315500540119,1.0,0.00026715361592700635
0.9736421753528485,1.0,0.0002671468256913704
0.9737873877702811,1.0,0.0002662644149856767
0.9737944713028387,1.0,0.0002662541617343549
0.9738723901609733,1.0,0.00026582980699001646
0.9739184331225983,1.0,0.00026582435996696396
0.9739290584214347,1.0,0.0002657326615292964
0.9739361419539925,1.0,0.00026571665354312846
0.9748605429527706,1.0,0.0002602494199545658
0.9748676264853282,1.0,0.0002602250322486735
0.9749065859143955,1.0,0.0002600093366212914
0.9749136694469532,1.0,0.00025998121827590294
0.975097841293453,1.0,0.0002591002882442098
0.9751049248260107,1.0,0.0002590852520513489
0.9764153783491827,1.0,0.000251778000590781
0.9764224618817404,1.0,0.0002517565205838327
0.9766951778852113,1.0,0.00025027207584352916
0.9767022614177691,1.0,0.000250271767468715
0.9767872638084613,1.0,0.0002497939135235518
0.976794347341019,1.0,0.0002497734598178439
0.9768722661991536,1.0,0.0002493824077931339
0.9768793497317112,1.0,0.0002493411976417968
0.9775487435584126,1.0,0.0002455311338279532
0.9775558270909702,1.0,0.0002454772152958128
0.9784802280897483,1.0,0.0002401603674813639
0.9784873116223061,1.0,0.0002401523668340096
0.9786325240397387,1.0,0.0002391844350667706
0.9786396075722963,1.0,0.0002391833266023428
0.9790717030583151,1.0,0.00023661418616281222
0.9790929536559883,1.0,0.0002366110938414747
0.9793904620234111,1.0,0.0002343612825023138
0.9793975455559688,1.0,0.00023432953644265942
0.9796242185978147,1.0,0.00023261257284711817
0.9796313021303724,1.0,0.00023259514856239466
0.979889851068728,1.0,0.00023086673240582382
0.9799004763675645,1.0,0.00023085685153000042
0.9799819369919779,1.0,0.00023033689678458435
0.9799890205245356,1.0,0.00023033211845493187
0.9800173546547664,1.0,0.00023011584023886446
0.980024438187324,1.0,0.00023010992080150909
0.9800315217198817,1.0,0.00023007674143612605
0.9800386052524394,1.0,0.00023005756613084924
0.9803927818803237,1.0,0.00022815290339826027
0.9803998654128814,1.0,0.00022815244387974163
0.9809523809523809,1.0,0.00022469709867109906
0.9809665480174963,1.0,0.00022467174268453658
0.9810586339407462,1.0,0.0002239315300487536
0.981065717473304,1.0,0.0002239180085376494
0.9812038463581788,1.0,0.00022310229847965997
0.9812109298907365,1.0,0.0002230570495292882
0.9812357222546884,1.0,0.0002229528442470692
0.9812428057872461,1.0,0.00022293899699068348
0.9824257557243797,1.0,0.00021470493577672311
0.9824363810232163,1.0,0.00021464101016905243
0.9827551399883122,1.0,0.00021253725008289818
0.9827657652871487,1.0,0.00021253187284094548
0.9831270254475907,1.0,0.00021032008206526084
0.9831341089801484,1.0,0.00021030099888978633
0.9831801519417733,1.0,0.00020998236112021405
0.9831978607731676,1.0,0.00020998005695431832
0.9833218225929271,1.0,0.00020919536847225576
0.9833289061254847,1.0,0.00020914948652208908
0.9835874550638404,1.0,0.0002073523253123143
0.9836016221289557,1.0,0.00020733590724209791
0.9838247534045228,1.0,0.00020600455818593834
0.9838318369370805,1.0,0.00020597450011740484
0.9840124670173015,1.0,0.00020450015136548496
0.984023092316138,1.0,0.00020446328495525554
0.9843312259823974,1.0,0.00020217989760007945
0.9843383095149552,1.0,0.00020216431581823052
0.9843878942428589,1.0,0.0002017875024367268
0.9843985195416954,1.0,0.00020177725370827074
0.9847066532079548,1.0,0.0001996277651828192
0.9847137367405125,1.0,0.0001996250221282928
0.9852131257858294,1.0,0.00019610460281937334
0.985220209318387,1.0,0.00019604575852346024
0.9855531353485983,1.0,0.0001938844454930159
0.9855637606474349,1.0,0.00019384768706361732
0.9857054312985886,1.0,0.0001930238789836012
0.9857125148311463,1.0,0.00019293001961677347
0.9857585577927712,1.0,0.00019261419373502764
0.9857762666241655,1.0,0.0001925780894374033
0.9858010589881174,1.0,0.00019232971227918668
0.9858116842869539,1.0,0.00019231731849551697
0.9858223095857904,1.0,0.0001922500128882337
0.9858293931183482,1.0,0.00019224111729319767
0.9858896031450884,1.0,0.00019188128321323924
0.9858966866776462,1.0,0.00019185587548333058
0.9860454408613576,1.0,0.0001907116017794309
0.9860525243939152,1.0,0.0001907099397591576
0.9860914838229825,1.0,0.0001904358953791329
0.9861021091218191,1.0,0.0001904180388301455
0.9862225291752997,1.0,0.0001895639180848901
0.9862296127078574,1.0,0.00018955144877268597
0.9862933645008766,1.0,0.000189120476631621
0.9863039897997131,1.0,0.0001890694031724642
0.9863110733322707,1.0,0.00018902008641718206
0.9863216986311073,1.0,0.00018901246948507344
0.9863429492287804,1.0,0.00018879371640764375
0.986350032761338,1.0,0.00018878713523729466
0.9864562857497033,1.0,0.00018812473765778936
0.9864633692822611,1.0,0.00018811768746427953
0.9864917034124918,1.0,0.00018802782712120733
0.9864987869450494,1.0,0.00018802101589859404
0.9866050399334148,1.0,0.0001872848304528383
0.9866121234659725,1.0,0.00018727698275031594
0.9867042093892224,1.0,0.0001866610617303945
0.9867112929217801,1.0,0.00018664644346488333
0.9867573358834051,1.0,0.00018622886906234494
0.9867644194159627,1.0,0.00018621703274502414
0.986849421806655,1.0,0.00018551762392970223
0.9868600471054915,1.0,0.00018548874651913173
0.9869237988985107,1.0,0.0001850072532224275
0.9869308824310684,1.0,0.00018497756551089594
0.9870477607182702,1.0,0.00018429229646321467
0.9870619277833855,1.0,0.00018423254376085068
0.987097345446174,1.0,0.00018392282759359887
0.9871079707450106,1.0,0.00018381379378624746
0.9871788060705874,1.0,0.00018333443820524144
0.9872035984345393,1.0,0.0001833311085749137
0.9872213072659335,1.0,0.00018327649409966994
0.9872638084612796,1.0,0.00018322349404614123
0.9872956843577892,1.0,0.00018300329762823951
0.9873027678903469,1.0,0.00018298536657774124
0.9873558943845295,1.0,0.00018248115704980674
0.9873629779170873,1.0,0.0001824744574882324
0.9873665196833661,1.0,0.00018246474859812744
0.9873736032159238,1.0,0.00018246321711783928
0.9876675698170678,1.0,0.00018032153205341456
0.9876959039472986,1.0,0.00018031150156885115
0.98775257220776,1.0,0.0001797183404217348
0.9877596557403177,1.0,0.00017970259319434063
0.9877915316368273,1.0,0.0001795438964143514
0.9878021569356639,1.0,0.00017952121789176315
0.987865908728683,1.0,0.00017904417569074394
0.9878729922612407,1.0,0.0001790063663803892
0.9880111211461156,1.0,0.00017813546716633673
0.9880182046786733,1.0,0.00017811659506151233
0.9880500805751828,1.0,0.0001779321745402696
0.9880571641077406,1.0,0.00017790424819386967
0.9880784147054136,1.0,0.00017775671191863407
0.9880854982379713,1.0,0.00017775448843204437
0.9880925817705289,1.0,0.00017771859376992117
0.988113832368202,1.0,0.0001777161079684471
0.9882696700844711,1.0,0.0001765731121499452
0.9882767536170288,1.0,0.00017656087295562402
0.9885919708158458,1.0,0.0001738147908570218
0.9885990543484036,1.0,0.00017380017271030734
0.9886273884786343,1.0,0.00017361484775616133
0.9886663479077016,1.0,0.00017360410719810814
0.9886769732065381,1.0,0.00017353113343860697
0.9886911402716535,1.0,0.0001734915869101179
0.9890842763286051,1.0,0.00017014448709818495
0.9890913598611628,1.0,0.00017008938750645236
0.9892188634472011,1.0,0.00016919100228214457
0.9892259469797589,1.0,0.0001691530653020954
0.9892932405390569,1.0,0.00016867643515856314
0.9893003240716145,1.0,0.00016866892491941123
0.9893392835006818,1.0,0.000168246049156708
0.9893463670332395,1.0,0.0001682164842441384
0.98955887300997,1.0,0.00016633737662385715
0.9895659565425278,1.0,0.0001663303836091462
0.9896332501018258,1.0,0.0001658434672469163
0.9896403336343834,1.0,0.0001657605370175091
0.9897076271936814,1.0,0.00016510000803622113
0.989718252492518,1.0,0.0001650878467638658
0.9898245054808833,1.0,0.00016429601038784426
0.989831589013441,1.0,0.00016427576571484645
0.9898670066762294,1.0,0.00016401970562915065
0.9898740902087871,1.0,0.00016398271950535383
0.9899272167029698,1.0,0.00016353279949173327
0.989990968495989,1.0,0.0001635124237915356
0.9901113885494697,1.0,0.00016251982515119433
0.9901184720820273,1.0,0.0001624979708000002
0.9901361809134215,1.0,0.0001622982692649908
0.990146806212258,1.0,0.00016229641551612924
0.9901786821087677,1.0,0.0001620093340363269
0.9901857656413253,1.0,0.00016200119657444842
0.9902176415378349,1.0,0.00016157892505271222
0.9902247250703926,1.0,0.0001615232615512229
0.9903593121889886,1.0,0.00016060253405363227
0.9903663957215464,1.0,0.0001605669357350257
0.9903947298517771,1.0,0.00016039504995516942
0.9904018133843348,1.0,0.0001603741812482508
0.9906816129203634,1.0,0.00015745352744583798
0.9906957799854788,1.0,0.0001574310906490257
0.990848075935469,1.0,0.0001561020798029779
0.9908622430005843,1.0,0.00015609789013510574
0.9908976606633728,1.0,0.00015563543621843819
0.9909259947936035,1.0,0.00015563161178759786
0.9910712072110361,1.0,0.00015435638758639698
0.9910782907435939,1.0,0.00015434764633748905
0.9912199613947476,1.0,0.0001531717000516813
0.9912270449273053,1.0,0.00015315807315536919
0.9912447537586995,1.0,0.00015304234460190592
0.9912518372912571,1.0,0.0001530418941509454
0.9913545485133436,1.0,0.00015221128541981357
0.9913828826435743,1.0,0.00015220413694792622
0.9914005914749686,1.0,0.0001520292779870063
0.9914253838389204,1.0,0.00015202267767202275
0.9914466344365935,1.0,0.0001519136097522614
0.9914537179691512,1.0,0.000151902346901091
0.9915103862296127,1.0,0.0001514165183850261
0.9915387203598435,1.0,0.00015140573002655713
0.9916024721528627,1.0,0.00015095951946840077
0.9916095556854203,1.0,0.00015095346546452874
0.9917264339726222,1.0,0.0001499907795715764
0.9917441428040163,1.0,0.00014996085505326184
0.9918716463900548,1.0,0.00014851447725307252
0.9918787299226124,1.0,0.00014850606261255093
0.9918893552214489,1.0,0.00014835906506493294
0.9918999805202855,1.0,0.0001483554965439052
0.991910605819122,1.0,0.0001482997934049373
0.9919212311179585,1.0,0.00014827941240737718
0.9921939471214295,1.0,0.00014580386150931114
0.9922151977191025,1.0,0.00014578157675619507
0.9922222812516602,1.0,0.00014573505053724404
0.9922576989144486,1.0,0.00014542723610242112
0.9922683242132851,1.0,0.00014535187586632315
0.9923781189679293,1.0,0.0001443912537585137
0.992385202500487,1.0,0.00014438735084349117
0.99240645309816,1.0,0.00014409050485865356
0.9924170783969966,1.0,0.0001440617357574815
0.9925127060865253,1.0,0.0001432046422302465
0.9925304149179196,1.0,0.0001431382238866013
0.9927181285306983,1.0,0.00014091464577891582
0.992746462660929,1.0,0.0001408017664502524
0.992792505622554,1.0,0.00014025627020948327
0.9927995891551117,1.0,0.0001401507332565541
0.9928102144539482,1.0,0.00013995477180499228
0.9928172979865059,1.0,0.0001399342874891966
0.9928314650516212,1.0,0.00013982033460626072
0.9928633409481308,1.0,0.0001397313209021522
0.9929200092085924,1.0,0.00013925130272220734
0.99292709274115,1.0,0.00013923622613586898
0.992994386300448,1.0,0.00013866837591528972
0.9930120951318423,1.0,0.0001386538580317819
0.9930545963271884,1.0,0.0001382859135012926
0.9930900139899768,1.0,0.00013822849885098025
0.9932068922771786,1.0,0.00013696576972626625
0.9932139758097364,1.0,0.000136930116870928
0.9934371070853034,1.0,0.00013509768982653672
0.99344773238414,1.0,0.0001350934826386228
0.9934866918132073,1.0,0.00013478048080902883
0.9935114841771592,1.0,0.00013472992022906782
0.9935362765411111,1.0,0.00013449690268163846
0.9935469018399475,1.0,0.00013448597907831443
0.9935646106713418,1.0,0.00013431842307695744
0.9935716942038995,1.0,0.0001342445078476952
0.9937487825178416,1.0,0.00013272503589070562
0.9937558660503993,1.0,0.0001326746245624636
0.9938798278701588,1.0,0.0001314106094346785
0.9938904531689954,1.0,0.00013140824313160812
0.9938975367015531,1.0,0.00013135945115622623
0.9939046202341107,1.0,0.00013133125627340104
0.9940002479236395,1.0,0.000130687107067457
0.9940179567550337,1.0,0.00013067997784449946
0.9940710832492163,1.0,0.00013027618835839333
0.9940994173794472,1.0,0.00013019294740254845
0.9941135844445625,1.0,0.00013008364676076758
0.994124209743399,1.0,0.00012993960467410986
0.9942092121340913,1.0,0.00012903529076614678
0.9942162956666489,1.0,0.00012902945786590983
0.9943650498503603,1.0,0.00012750120194765955
0.9943721333829181,1.0,0.00012745247875822028
0.9944500522410527,1.0,0.00012677609885283515
0.9944571357736103,1.0,0.00012677214339956334
0.9945669305282544,1.0,0.0001259859792266964
0.9945740140608121,1.0,0.00012595069090950265
0.9946129734898794,1.0,0.00012572237862530463
0.994623598788716,1.0,0.0001257174832370954
0.9947369353096389,1.0,0.0001245599579193827
0.9947688112061485,1.0,0.00012451601068795649
0.9948644388956773,1.0,0.0001232951092454941
0.9948786059607927,1.0,0.00012328855483876425
0.9949884007154368,1.0,0.00012199348516049146
0.9949954842479944,1.0,0.00012194165934609105
0.9949990260142734,1.0,0.00012192774713870277
0.9950202766119464,1.0,0.00012192506276283972
0.9952221572898404,1.0,0.00012022424904167298
0.9952292408223982,1.0,0.00012014256540507999
0.9952469496537923,1.0,0.0001200096028766796
0.9952611167189077,1.0,0.00011998717652662624
0.9952859090828596,1.0,0.00011970701162604898
0.9953036179142538,1.0,0.00011959746731904665
0.9953390355770423,1.0,0.00011941493219173452
0.9954275797340133,1.0,0.00011940249761397117
0.9954311215002922,1.0,0.00011933458744817701
0.9954417467991288,1.0,0.00011928008653313398
0.9954559138642441,1.0,0.000119143145221395
0.9954629973968018,1.0,0.00011911074975074202
0.9954842479944749,1.0,0.00011864300263558759
0.9954948732933113,1.0,0.00011862879296086767
0.9955302909560998,1.0,0.00011826521102828786
0.9955409162549363,1.0,0.00011825998515982383
0.9955444580212152,1.0,0.00011824551349671691
0.9955515415537729,1.0,0.0001182441212608481
0.9956932122049266,1.0,0.00011676365222871138
0.9957002957374843,1.0,0.00011672117932389824
0.9957392551665516,1.0,0.00011602377923991435
0.9957463386991092,1.0,0.0001160023493126965
0.9957675892967823,1.0,0.00011570403647789474
0.99577467282934,1.0,0.00011569245606478368
0.995820715790965,1.0,0.00011495880557315235
0.9958277993235226,1.0,0.00011485279186348082
0.9958596752200323,1.0,0.00011453777893583058
0.9958703005188687,1.0,0.00011443991720841915
0.9958773840514265,1.0,0.00011440176422139007
0.9958844675839841,1.0,0.00011435181238255156
0.9959198852467726,1.0,0.000113985177485816
0.995955302909561,1.0,0.00011360204629620015
0.9959694699746764,1.0,0.0001134066358716173
0.9959800952735129,1.0,0.00011335529154948323
0.9962882289397723,1.0,0.00011018774044362232
0.9963130213037241,1.0,0.00011018713169443184
0.9963342719013972,1.0,0.00011002734494339879
0.996341355433955,1.0,0.00010994779366033104
0.9964263578246472,1.0,0.00010919736075292492
0.9964334413572048,1.0,0.00010918404303669243
0.9966176132037047,1.0,0.00010673904050980869
0.9966459473339354,1.0,0.00010672423732219308
0.9968265774141565,1.0,0.0001041786153068158
0.9968372027129929,1.0,0.00010416000068760794
0.9970213745594928,1.0,0.0001014425018633899
0.9970284580920505,1.0,0.0001012406677135815
0.9971453363792523,1.0,9.938535513371632e-05
0.9971559616780888,1.0,9.93256731204996e-05
0.9973684676548195,1.0,9.59726029795096e-05
0.9973755511873772,1.0,9.593283166196659e-05
0.9974818041757424,1.0,9.375758423818416e-05
0.9974888877083001,1.0,9.369442829735836e-05
0.997492429474579,1.0,9.36726929441941e-05
0.9975065965396943,1.0,9.351624882075903e-05
0.9975561812675982,1.0,9.291889467998767e-05
0.9975632648001559,1.0,9.286180710555161e-05
0.9977261860489827,1.0,9.091019274792853e-05
0.9977332695815403,1.0,9.089703481725884e-05
0.9977722290106076,1.0,9.047234026752353e-05
0.9977828543094441,1.0,9.04138893224026e-05
0.9978218137385114,1.0,8.97463529291487e-05
0.997828897271069,1.0,8.96538269476135e-05
0.9980166108838477,1.0,8.730375995487312e-05
0.9980236944164055,1.0,8.72983620058458e-05
0.9982397421594149,1.0,8.43022106225833e-05
0.9982539092245303,1.0,8.413730660518585e-05
0.9983105774849917,1.0,8.33380396428116e-05
0.9983176610175495,1.0,8.331188546804597e-05
0.9983530786803378,1.0,8.180234414439191e-05
0.9983601622128956,1.0,8.177652854474912e-05
0.9983920381094051,1.0,8.116612171033617e-05
0.9983991216419629,1.0,8.110606914433503e-05
0.9984062051745205,1.0,8.102722191564266e-05
0.9984132887070782,1.0,8.10224503320891e-05
0.9985159999291646,1.0,7.937986216042938e-05
0.9985230834617224,1.0,7.934649094818077e-05
0.999096849598895,1.0,6.617391701495386e-05
0.9991039331314526,1.0,6.617134153547048e-05
0.9994722768244524,1.0,5.610268349485753e-05
0.9994829021232888,1.0,5.593516370394034e-05
0.9996281145407214,1.0,5.050719903749212e-05
0.9996422816058368,1.0,5.035587544091257e-05
1.0,1.0,6.680826213440691e-06
